<?xml version="1.0" encoding="utf-8"?>
<extension
	type="module"
	version="3.1"
	client="site"
	method="upgrade">
	<name>mod_search</name>
	<author>Joomla! Project</author>
	<creationDate>July 2004</creationDate>
	<copyright>Copyright (C) 2005 - 2013 Open Source Matters. All rights reserved.</copyright>
	<license>GNU General Public License version 2 or later; see LICENSE.txt</license>
	<authorEmail>admin@joomla.org</authorEmail>
	<authorUrl>www.joomla.org</authorUrl>
	<version>3.0.0</version>
	<description>MOD_SEARCH_XML_DESCRIPTION</description>
	<files>
		<filename module="mod_search">mod_search.php</filename>
		<folder>tmpl</folder>
		<filename>helper.php</filename>
		<filename>index.html</filename>		<filename>mod_search.xml</filename>
	</files>
	<languages>
		<language tag="en-GB">en-GB.mod_search.ini</language>
		<language tag="en-GB">en-GB.mod_search.sys.ini</language>
	</languages>
	<help key="JHELP_EXTENSIONS_MODULE_MANAGER_SEARCH" />
	<config>
		<fields name="params">
			<fieldset name="basic">
				<field
					name="label"
					type="label"
					label="MOD_SEARCH_FIELD_LABEL_TEXT_LABEL"
					description="MOD_SEARCH_FIELD_LABEL_TEXT_DESC" />
				<field
					name="width"
					type="text"
					default="20"
					label="MOD_SEARCH_FIELD_BOXWIDTH_LABEL"
					description="MOD_SEARCH_FIELD_BOXWIDTH_DESC" />
				<field
					name="text"
					type="text"
					label="MOD_SEARCH_FIELD_TEXT_LABEL"
					description="MOD_SEARCH_FIELD_TEXT_DESC" />
				<field
					name="button"
					type="radio"
					default="0"
					class="btn-group btn-group-yesno"
					label="MOD_SEARCH_FIELD_BUTTON_LABEL"
					description="MOD_SEARCH_FIELD_BUTTON_DESC">
					<option value="1">JYES</option>
					<option value="0">JNO</option>
				</field>
				<field
					name="button_pos"
					type="list"
					default="left"
					label="MOD_SEARCH_FIELD_BUTTONPOS_LABEL"
					description="MOD_SEARCH_FIELD_BUTTONPOS_DESC">
					<option
						value="right">MOD_SEARCH_FIELD_VALUE_RIGHT</option>
					<option
						value="left">MOD_SEARCH_FIELD_VALUE_LEFT</option>
					<option
						value="top">MOD_SEARCH_FIELD_VALUE_TOP</option>
					<option
						value="bottom">MOD_SEARCH_FIELD_VALUE_BOTTOM</option>
				</field>
				<field
					name="imagebutton"
					type="radio"
					default="0"
					class="btn-group btn-group-yesno"
					label="MOD_SEARCH_FIELD_IMAGEBUTTON_LABEL"
					description="MOD_SEARCH_FIELD_IMAGEBUTTON_DESC">
					<option value="1">JYES</option>
					<option value="0">JNO</option>
				</field>
				<field
					name="button_text"
					type="text"
					label="MOD_SEARCH_FIELD_BUTTONTEXT_LABEL"
					description="MOD_SEARCH_FIELD_BUTTONTEXT_DESC" />
				<field
					name="opensearch"
					type="radio"
					class="btn-group btn-group-yesno"
					label="MOD_SEARCH_FIELD_OPENSEARCH_LABEL"
					description="MOD_SEARCH_FIELD_OPENSEARCH_DESC"
					default="1">
					<option value="1">JYES</option>
					<option value="0">JNO</option>
				</field>
				<field
					name="opensearch_title"
					type="text"
					label="MOD_SEARCH_FIELD_OPENSEARCH_TEXT_LABEL"
					description="MOD_SEARCH_FIELD_OPENSEARCH_TEXT_DESC" />
				<field
					name="set_itemid"
					type="menuitem"
					default="0"
					label="MOD_SEARCH_FIELD_SETITEMID_LABEL"
					description="MOD_SEARCH_FIELD_SETITEMID_DESC">
					<option value="0">MOD_SEARCH_SELECT_MENU_ITEMID</option>
				</field>
			</fieldset>
			<fieldset
				name="advanced">
				<field
					name="layout"
					type="modulelayout"
					label="JFIELD_ALT_LAYOUT_LABEL"
					description="JFIELD_ALT_MODULE_LAYOUT_DESC" />
				<field
					name="moduleclass_sfx"
					type="textarea" rows="3"
					label="COM_MODULES_FIELD_MODULECLASS_SFX_LABEL"
					description="COM_MODULES_FIELD_MODULECLASS_SFX_DESC" />
				<field
					name="cache"
					type="list"
					default="1"
					label="COM_MODULES_FIELD_CACHING_LABEL"
					description="COM_MODULES_FIELD_CACHING_DESC">
					<option
						value="1">JGLOBAL_USE_GLOBAL</option>
					<option
						value="0">COM_MODULES_FIELD_VALUE_NOCACHING</option>
				</field>
				<field
					name="cache_time"
					type="text"
					default="900"
					label="COM_MODULES_FIELD_CACHE_TIME_LABEL"
					description="COM_MODULES_FIELD_CACHE_TIME_DESC" />
				<field
					name="cachemode"
					type="hidden"
					default="itemid">
					<option
						value="itemid"></option>
				</field>
			</fieldset>
		</fields>
	</config>
</extension>
